frequency_hz,mean_dbm,relative_db
2369901000,-64.05985,-52.76001
2369901441,-64.61419,-53.31435
2369901882,-62.95834,-51.65850
2369902323,-60.13575,-48.83590
2369902764,-61.19954,-49.89969
2369903205,-62.95346,-51.65361
2369903646,-64.23871,-52.93887
2369904087,-63.14165,-51.84180
2369904528,-63.29642,-51.99658
2369904969,-62.66620,-51.36636
2369905410,-65.81575,-54.51590
2369905851,-64.12443,-52.82459
2369906292,-62.68531,-51.38547
2369906733,-61.92842,-50.62858
2369907174,-64.86504,-53.56519
2369907615,-63.77331,-52.47347
2369908056,-62.26803,-50.96819
2369908497,-63.32483,-52.02499
2369908938,-64.94339,-53.64355
2369909379,-63.19299,-51.89314
2369909820,-61.60757,-50.30773
2369910261,-61.63878,-50.33894
2369910702,-61.76547,-50.46562
2369911143,-61.37940,-50.07955
2369911584,-62.76151,-51.46167
2369912024,-60.82744,-49.52760
2369912465,-60.15992,-48.86008
2369912906,-61.07576,-49.77592
2369913347,-63.38195,-52.08211
2369913788,-61.69744,-50.39759
2369914229,-60.04265,-48.74280
2369914670,-58.73377,-47.43393
2369915111,-58.66787,-47.36802
2369915552,-60.77615,-49.47631
2369915993,-61.65876,-50.35892
2369916434,-61.05999,-49.76014
2369916875,-59.81924,-48.51939
2369917316,-62.96759,-51.66774
2369917757,-60.73299,-49.43314
2369918198,-60.88763,-49.58779
2369918639,-60.87082,-49.57097
2369919080,-59.01457,-47.71472
2369919521,-59.33008,-48.03023
2369919962,-61.07924,-49.77940
2369920403,-61.30485,-50.00500
2369920844,-59.67373,-48.37388
2369921285,-61.79538,-50.49554
2369921726,-60.45063,-49.15078
2369922167,-62.38746,-51.08762
2369922608,-59.02518,-47.72533
2369923049,-60.56435,-49.26450
2369923490,-59.92839,-48.62855
2369923931,-58.98389,-47.68405
2369924372,-60.84713,-49.54729
2369924813,-61.03737,-49.73753
2369925254,-60.38769,-49.08785
2369925695,-59.46636,-48.16652
2369926136,-60.73992,-49.44008
2369926577,-59.99110,-48.69126
2369927018,-60.70196,-49.40211
2369927459,-62.71392,-51.41408
2369927900,-61.53371,-50.23387
2369928341,-60.72233,-49.42249
2369928782,-59.49623,-48.19638
2369929223,-58.60081,-47.30097
2369929664,-62.84977,-51.54993
2369930105,-62.17497,-50.87513
2369930546,-58.41203,-47.11219
2369930987,-59.86947,-48.56962
2369931428,-59.34945,-48.04960
2369931869,-59.91280,-48.61295
2369932310,-61.29885,-49.99900
2369932751,-59.38706,-48.08722
2369933192,-60.91824,-49.61840
2369933633,-60.75762,-49.45777
2369934073,-60.02860,-48.72876
2369934514,-58.60556,-47.30572
2369934955,-59.95310,-48.65325
2369935396,-59.77157,-48.47173
2369935837,-56.84252,-45.54268
2369936278,-57.61645,-46.31661
2369936719,-55.80331,-44.50347
2369937160,-60.45238,-49.15253
2369937601,-58.37081,-47.07097
2369938042,-60.63101,-49.33117
2369938483,-58.09105,-46.79121
2369938924,-58.26191,-46.96207
2369939365,-58.53411,-47.23426
2369939806,-58.60494,-47.30509
2369940247,-60.37646,-49.07661
2369940688,-57.72216,-46.42232
2369941129,-56.92453,-45.62468
2369941570,-58.56597,-47.26613
2369942011,-56.69691,-45.39706
2369942452,-56.20685,-44.90700
2369942893,-56.84729,-45.54745
2369943334,-56.42282,-45.12297
2369943775,-55.67462,-44.37477
2369944216,-53.86964,-42.56980
2369944657,-54.36390,-43.06405
2369945098,-55.93112,-44.63128
2369945539,-52.62222,-41.32237
2369945980,-53.90417,-42.60432
2369946421,-54.42072,-43.12087
2369946862,-54.35412,-43.05427
2369947303,-55.23761,-43.93777
2369947744,-54.72541,-43.42557
2369948185,-52.94920,-41.64935
2369948626,-51.88985,-40.59001
2369949067,-52.93082,-41.63098
2369949508,-53.05682,-41.75698
2369949949,-55.14391,-43.84407
2369950390,-52.07343,-40.77358
2369950831,-51.64313,-40.34329
2369951272,-49.99930,-38.69946
2369951713,-50.12818,-38.82834
2369952154,-46.34070,-35.04085
2369952595,-49.48496,-38.18512
2369953036,-47.69026,-36.39042
2369953477,-48.55591,-37.25606
2369953918,-47.32696,-36.02711
2369954359,-48.14529,-36.84545
2369954800,-50.27273,-38.97289
2369955241,-48.17569,-36.87584
2369955682,-50.20472,-38.90487
2369956122,-50.46021,-39.16036
2369956563,-45.70140,-34.40155
2369957004,-47.66261,-36.36276
2369957445,-46.11276,-34.81291
2369957886,-47.17989,-35.88004
2369958327,-48.15627,-36.85643
2369958768,-48.17955,-36.87970
2369959209,-47.31784,-36.01800
2369959650,-47.31397,-36.01412
2369960091,-51.19677,-39.89692
2369960532,-44.71254,-33.41269
2369960973,-46.34511,-35.04527
2369961414,-48.53897,-37.23913
2369961855,-48.66795,-37.36811
2369962296,-48.21267,-36.91283
2369962737,-46.51972,-35.21987
2369963178,-47.27999,-35.98015
2369963619,-48.04404,-36.74419
2369964060,-47.51080,-36.21096
2369964501,-45.01751,-33.71767
2369964942,-43.99878,-32.69893
2369965383,-44.46254,-33.16269
2369965824,-45.89627,-34.59643
2369966265,-44.49508,-33.19524
2369966706,-45.25314,-33.95329
2369967147,-47.07683,-35.77698
2369967588,-47.63869,-36.33884
2369968029,-45.84554,-34.54570
2369968470,-50.25321,-38.95337
2369968911,-44.43681,-33.13697
2369969352,-44.76280,-33.46295
2369969793,-46.62224,-35.32240
2369970234,-45.71710,-34.41726
2369970675,-46.48288,-35.18304
2369971116,-45.70238,-34.40254
2369971557,-43.64943,-32.34959
2369971998,-45.21688,-33.91703
2369972439,-45.01272,-33.71287
2369972880,-44.28670,-32.98686
2369973321,-45.71595,-34.41610
2369973762,-44.34776,-33.04791
2369974203,-45.71648,-34.41664
2369974644,-45.20587,-33.90602
2369975085,-47.69643,-36.39659
2369975526,-46.31032,-35.01048
2369975967,-46.18651,-34.88667
2369976408,-46.13721,-34.83737
2369976849,-44.09444,-32.79459
2369977290,-42.81809,-31.51825
2369977731,-42.37200,-31.07216
2369978171,-39.86916,-28.56932
2369978612,-38.27771,-26.97786
2369979053,-32.67665,-21.37681
2369979494,-30.28668,-18.98684
2369979935,-28.13585,-16.83601
2369980376,-26.44682,-15.14698
2369980817,-23.44656,-12.14671
2369981258,-21.76455,-10.46471
2369981699,-19.10012,-7.80028
2369982140,-20.05687,-8.75702
2369982581,-20.13838,-8.83853
2369983022,-16.02137,-4.72153
2369983463,-17.13522,-5.83537
2369983904,-19.39237,-8.09253
2369984345,-17.16606,-5.86622
2369984786,-14.58071,-3.28086
2369985227,-15.67520,-4.37536
2369985668,-15.23747,-3.93762
2369986109,-13.51332,-2.21348
2369986550,-13.47704,-2.17720
2369986991,-12.91607,-1.61623
2369987432,-14.72079,-3.42095
2369987873,-13.81136,-2.51151
2369988314,-11.61230,-0.31245
2369988755,-13.32620,-2.02636
2369989196,-11.88140,-0.58156
2369989637,-10.47727,0.82258
2369990078,-14.86444,-3.56459
2369990519,-12.34446,-1.04461
2369990960,-10.38814,0.91170
2369991401,-15.57195,-4.27210
2369991842,-10.72628,0.57356
2369992283,-16.26300,-4.96316
2369992724,-14.74457,-3.44472
2369993165,-12.90440,-1.60456
2369993606,-12.67703,-1.37719
2369994047,-10.25356,1.04629
2369994488,-13.00457,-1.70472
2369994929,-12.47915,-1.17931
2369995370,-11.98659,-0.68675
2369995811,-11.03472,0.26512
2369996252,-13.20679,-1.90694
2369996693,-12.52251,-1.22267
2369997134,-12.48761,-1.18777
2369997575,-13.41745,-2.11760
2369998016,-9.19082,2.10902
2369998457,-12.99904,-1.69920
2369998898,-15.22407,-3.92423
2369999339,-14.42425,-3.12441
2369999780,-13.26221,-1.96236
2370000220,-16.21524,-4.91540
2370000661,-12.77789,-1.47804
2370001102,-12.48263,-1.18278
2370001543,-11.33828,-0.03843
2370001984,-12.72017,-1.42033
2370002425,-14.45818,-3.15833
2370002866,-14.92054,-3.62070
2370003307,-12.72882,-1.42897
2370003748,-11.43795,-0.13811
2370004189,-14.59893,-3.29909
2370004630,-13.14701,-1.84717
2370005071,-13.61968,-2.31983
2370005512,-14.92125,-3.62141
2370005953,-17.69529,-6.39545
2370006394,-11.33547,-0.03562
2370006835,-13.30830,-2.00845
2370007276,-13.72744,-2.42760
2370007717,-11.86676,-0.56692
2370008158,-16.81531,-5.51547
2370008599,-13.63192,-2.33208
2370009040,-10.99012,0.30972
2370009481,-12.23059,-0.93074
2370009922,-12.05510,-0.75526
2370010363,-14.32739,-3.02754
2370010804,-12.23843,-0.93859
2370011245,-13.71474,-2.41490
2370011686,-13.98882,-2.68897
2370012127,-11.67425,-0.37441
2370012568,-14.03502,-2.73518
2370013009,-14.12000,-2.82015
2370013450,-12.41318,-1.11334
2370013891,-13.11143,-1.81159
2370014332,-12.79681,-1.49697
2370014773,-12.04748,-0.74764
2370015214,-13.02885,-1.72901
2370015655,-12.59103,-1.29119
2370016096,-13.83387,-2.53402
2370016537,-14.73216,-3.43232
2370016978,-10.83690,0.46294
2370017419,-15.20174,-3.90190
2370017860,-14.81958,-3.51974
2370018301,-16.26606,-4.96621
2370018742,-17.58105,-6.28121
2370019183,-15.47827,-4.17842
2370019624,-19.80406,-8.50421
2370020065,-20.11275,-8.81291
2370020506,-22.53274,-11.23290
2370020947,-21.68541,-10.38556
2370021388,-23.10361,-11.80376
2370021829,-25.81351,-14.51367
2370022269,-27.79916,-16.49932
2370022710,-26.01014,-14.71030
2370023151,-30.73464,-19.43479
2370023592,-35.85464,-24.55480
2370024033,-36.87134,-25.57149
2370024474,-42.37342,-31.07357
2370024915,-42.51596,-31.21611
2370025356,-43.94883,-32.64899
2370025797,-45.70246,-34.40262
2370026238,-42.42530,-31.12546
2370026679,-44.89613,-33.59629
2370027120,-46.38980,-35.08996
2370027561,-43.74426,-32.44441
2370028002,-45.77078,-34.47093
2370028443,-46.31577,-35.01592
2370028884,-45.95774,-34.65790
2370029325,-44.83175,-33.53191
2370029766,-44.76844,-33.46860
2370030207,-44.11334,-32.81350
2370030648,-47.96643,-36.66658
2370031089,-49.00499,-37.70515
2370031530,-46.93512,-35.63527
2370031971,-46.21891,-34.91907
2370032412,-46.55279,-35.25295
2370032853,-45.15430,-33.85446
2370033294,-45.48049,-34.18065
2370033735,-45.97489,-34.67505
2370034176,-45.16093,-33.86109
2370034617,-44.24943,-32.94959
2370035058,-46.60783,-35.30799
2370035499,-46.85588,-35.55603
2370035940,-47.03058,-35.73074
2370036381,-47.69247,-36.39262
2370036822,-46.41790,-35.11806
2370037263,-46.08038,-34.78053
2370037704,-48.91110,-37.61126
2370038145,-46.48713,-35.18728
2370038586,-49.94399,-38.64414
2370039027,-50.27268,-38.97283
2370039468,-46.84216,-35.54232
2370039909,-46.72886,-35.42901
2370040350,-48.47700,-37.17716
2370040791,-47.78798,-36.48814
2370041232,-48.62994,-37.33010
2370041673,-47.66107,-36.36122
2370042114,-47.93030,-36.63046
2370042555,-48.41811,-37.11826
2370042996,-45.98886,-34.68902
2370043437,-47.32460,-36.02475
2370043878,-47.14600,-35.84616
2370044318,-49.49262,-38.19278
2370044759,-47.16522,-35.86537
2370045200,-48.46364,-37.16379
2370045641,-47.07978,-35.77993
2370046082,-48.25726,-36.95742
2370046523,-51.06667,-39.76682
2370046964,-50.56614,-39.26630
2370047405,-47.73850,-36.43865
2370047846,-50.55284,-39.25299
2370048287,-48.10215,-36.80231
2370048728,-48.94199,-37.64215
2370049169,-49.31339,-38.01354
2370049610,-50.48898,-39.18914
2370050051,-50.33405,-39.03421
2370050492,-47.33115,-36.03131
2370050933,-51.71620,-40.41636
2370051374,-51.30992,-40.01007
2370051815,-49.98132,-38.68148
2370052256,-52.63467,-41.33482
2370052697,-51.23873,-39.93888
2370053138,-50.31781,-39.01797
2370053579,-49.93543,-38.63559
2370054020,-52.50094,-41.20110
2370054461,-51.90834,-40.60849
2370054902,-52.93064,-41.63080
2370055343,-52.99295,-41.69311
2370055784,-54.59422,-43.29438
2370056225,-54.32454,-43.02469
2370056666,-54.24485,-42.94501
2370057107,-53.97590,-42.67606
2370057548,-54.35637,-43.05652
2370057989,-54.29409,-42.99425
2370058430,-56.41701,-45.11716
2370058871,-54.59365,-43.29381
2370059312,-55.80216,-44.50232
2370059753,-56.87707,-45.57723
2370060194,-52.46734,-41.16749
2370060635,-56.13425,-44.83441
2370061076,-54.77320,-43.47336
2370061517,-56.48707,-45.18723
2370061958,-56.67510,-45.37526
2370062399,-56.57342,-45.27357
2370062840,-57.07782,-45.77797
2370063281,-55.90554,-44.60570
2370063722,-57.00929,-45.70944
2370064163,-55.88584,-44.58600
2370064604,-56.51949,-45.21965
2370065045,-57.24004,-45.94020
2370065486,-57.20376,-45.90392
2370065927,-55.67131,-44.37146
2370066367,-57.71968,-46.41984
2370066808,-58.75881,-47.45897
2370067249,-55.75769,-44.45785
2370067690,-57.73112,-46.43128
2370068131,-58.71918,-47.41934
2370068572,-58.51071,-47.21086
2370069013,-58.71081,-47.41097
2370069454,-58.90708,-47.60723
2370069895,-58.05465,-46.75481
2370070336,-58.28019,-46.98034
2370070777,-60.54980,-49.24996
2370071218,-60.31791,-49.01806
2370071659,-56.97379,-45.67394
2370072100,-57.75724,-46.45740
2370072541,-55.89473,-44.59488
2370072982,-61.11614,-49.81629
2370073423,-60.78734,-49.48750
2370073864,-59.73949,-48.43965
2370074305,-60.25734,-48.95750
2370074746,-58.86742,-47.56757
2370075187,-59.05885,-47.75900
2370075628,-61.80907,-50.50923
2370076069,-61.00843,-49.70859
2370076510,-60.40677,-49.10693
2370076951,-60.07458,-48.77473
2370077392,-60.79953,-49.49969
2370077833,-60.82904,-49.52919
2370078274,-59.57231,-48.27246
2370078715,-58.65898,-47.35913
2370079156,-58.56963,-47.26979
2370079597,-57.72618,-46.42633
2370080038,-60.59575,-49.29591
2370080479,-61.39327,-50.09343
2370080920,-61.73794,-50.43810
2370081361,-57.33919,-46.03935
2370081802,-60.34925,-49.04941
2370082243,-61.91018,-50.61033
2370082684,-59.41495,-48.11510
2370083125,-59.00241,-47.70257
2370083566,-60.59872,-49.29888
2370084007,-60.59648,-49.29663
2370084448,-62.06019,-50.76035
2370084889,-63.63184,-52.33199
2370085330,-58.49064,-47.19079
2370085771,-61.18764,-49.88780
2370086212,-62.10400,-50.80415
2370086653,-60.06826,-48.76841
2370087094,-61.59194,-50.29209
2370087535,-58.80284,-47.50299
2370087976,-61.52656,-50.22672
2370088416,-63.80011,-52.50027
2370088857,-63.82308,-52.52324
2370089298,-60.52084,-49.22100
2370089739,-61.36739,-50.06755
2370090180,-61.70325,-50.40341
2370090621,-63.19174,-51.89190
2370091062,-59.74949,-48.44964
2370091503,-59.92751,-48.62767
2370091944,-63.04779,-51.74795
2370092385,-62.05050,-50.75066
2370092826,-64.08322,-52.78337
2370093267,-62.18059,-50.88075
2370093708,-59.83733,-48.53749
2370094149,-62.91387,-51.61403
2370094590,-61.85445,-50.55461
2370095031,-63.00983,-51.70998
2370095472,-63.25758,-51.95774
2370095913,-63.19655,-51.89671
2370096354,-63.07398,-51.77414
2370096795,-63.35889,-52.05904
2370097236,-63.98240,-52.68256
2370097677,-63.15779,-51.85795
2370098118,-63.28757,-51.98773
2370098559,-65.88567,-54.58582
2370099000,-63.98181,-52.68197
