symbol,count,ideal_i,ideal_q,measured_i,measured_q,aligned_i,aligned_q,expected_radius,measured_radius,radial_error_percent,phase_error_deg,radial_std,tangential_std,radial_mean_95ci
0,4660,0.8031181614068016,0.8031181614068015,0.6877453505007153,0.7231502145922747,0.7025235480399801,0.7141142409137842,1.1357805960496432,1.001747715059312,-11.803900283348344,0.46877400159204696,0.08301004757522319,0.08895922587606915,0.002383382662260961
1,5614,0.8031181614068016,-0.8031181614068015,0.6816981356133477,-0.7005605035031469,0.696547105066726,-0.7095967760264734,1.1357805960496432,0.9943366905248955,-12.457223067269895,-0.5317162885771807,0.07769187541640837,0.09419490951562166,0.0020323358228111167
2,5688,-0.8031181614068015,0.8031181614068016,-0.7220276605719644,0.7266994842944211,-0.7072496377232221,0.7175934315409461,1.1357805960496432,1.0075427450239218,-11.293061361711288,-0.4159372577068945,0.07721971097847936,0.09757956130147948,0.0020068016493285457
3,6615,-0.8031181614068015,-0.8031181614068016,-0.7142564877802973,-0.693360544217687,-0.6994078745083622,-0.7024662089157669,1.1357805960496432,0.9912770296908906,-12.723049310172364,0.12499651570766897,0.08046308041032006,0.09445002782279813,0.0019390446159075776
4,4664,1.097079810722342,0.2939616493155405,0.9478244711263579,0.2596883933676387,0.9626257067862489,0.25066534865726503,1.1357805960496432,0.9947267807710787,-12.421289739053377,-0.40445172363777787,0.07877613611200934,0.09343074405738064,0.0022608485762043834
5,4226,1.097079810722342,-0.2939616493155405,0.9452815901561761,-0.2531598043855498,0.9601083192318183,-0.2621829748675593,1.1357805960496432,0.9952627276094239,-12.372920241819163,-0.2737385695110235,0.08258885330046274,0.0943748670716835,0.002490076910221548
6,4978,-1.097079810722342,0.2939616493155408,-0.9700334806481855,0.26250703093611893,-0.9552323827317332,0.2533886505180421,1.1357805960496432,0.9882685430745526,-12.987997805878571,0.14364659997756982,0.07698443445642106,0.09470365040246698,0.0021386097818510193
7,4782,-1.097079810722342,-0.2939616493155408,-0.9756447790324828,-0.25328593336121574,-0.9608180413137011,-0.2624045920766965,1.1357805960496432,0.9960057622608588,-12.307511689726514,0.27528178237558065,0.08119214963701603,0.09245154790463075,0.002301258074674524
8,4665,0.2939616493155405,1.097079810722342,0.23799785637727763,0.9731204001429081,0.252763628586525,0.9640620694455626,1.1357805960496432,0.9966469413387509,-12.25131900677361,0.3085256766081924,0.08197979396224704,0.0900748072708535,0.002352540289092549
9,5684,0.2939616493155405,-1.097079810722342,0.24756509500351867,-0.9563828289936664,0.26242678178574336,-0.9654406817247092,1.1357805960496432,1.0004716516361138,-11.91387308615317,0.20676193236402343,0.08465432765963929,0.08815599037299358,0.002200787960407074
10,5067,-0.29396164931554064,1.097079810722342,-0.2737780409183607,0.9794552989934873,-0.2590125829812768,0.9703715281791938,1.1357805960496432,1.0043447719002956,-11.572330690114496,-0.05497646546364074,0.07765467015218414,0.0916488256126244,0.0021381993763182044
11,6206,-0.29396164931554064,-1.097079810722342,-0.27287356321839085,-0.9553142120528522,-0.25801192891353875,-0.9643979355155993,1.1357805960496432,0.9983153477175611,-12.103158191548868,0.02204830005447378,0.07892776742647117,0.08924203435349343,0.0019637219931644867
12,6003,0.25495814647834975,0.2549581464783497,0.21203953578766177,0.24346604475540012,0.22684157876099442,0.23440642458516978,0.36056526858718835,0.3261954532815921,-9.54436841551718,0.9396135676475217,0.07718538985773085,0.07714937183519618,0.001952571750729789
13,6414,0.25495814647834975,-0.2549581464783497,0.206269618542771,-0.22032844818625927,0.22109471650212564,-0.2293883546029981,0.36056526858718835,0.31859361401733416,-11.655485943968957,-1.0547272762927014,0.07681790728850689,0.07516631266364562,0.0018799836197579847
14,5672,-0.2549581464783497,0.25495814647834975,-0.23852609308885755,0.22921250587682185,-0.22372334102296654,0.22013048834514332,0.36056526858718835,0.3138623348182286,-12.955550646466484,0.46378060809576155,0.07613327438775838,0.07533413260308362,0.001981355792391459
15,6102,-0.2549581464783497,-0.25495814647834975,-0.23630066644815909,-0.21977275210313557,-0.2214755955653602,-0.22885465845530467,0.36056526858718835,0.31847432255634855,-11.685454997040946,0.9387584409540021,0.07574540839321688,0.07583934272471195,0.0019005367910678807
